{
  "hash": "ecb3d9b0106f3c26d2e93085bc1f70dd",
  "result": {
    "engine": "knitr",
    "markdown": "---\ntitle: \"Faculty\"\nformat: html\n---\n\n<script>\nif (localStorage.getItem(\"isLoggedIn\") !== \"true\") {\n    window.location.href = \"login.html\";\n}\n</script>\n\n\n\n\n\n## Instructor\n\n![](images/Dr._B.jpg){width=\"220\" height=\"220\" style=\"float:right;padding: 0 0 0 10px;\" fig-alt=\"Course Instructor\"}\n\n**Dr. Biagio Palese** - Dr. Biagio Palese’s (a.k.a. Dr. B) teaching and research interests embrace information systems, data analytics, artificial intelligence, creators’ economy, systems beyond firms control and customer service.\n\nHe’s a tidyverse certified instructor trainer, teaches coding workshops globally, introducing students to the tidyverse. Passionate about teaching and research, he involves students in open-source software projects. Experiences in diverse teams contribute to his academic and personal growth.\n\nHe also co-hosts The Gateway podcast, launched in 2021, aimed at exposing students to technology trends and topics, accessible online on major podcasting platforms.\n\n## Teaching Assistant\n\n![](images/nvsv.jpg){width=\"220\" height=\"220\" style=\"float:right;padding: 0 0 0 10px;\" fig-alt=\"Course TA\"}\n\n**Venkata Surya Vineel Nekkanti** - Venkata (a.k.a. Vineel) is currently pursuing a graduate degree in Management Information Systems at Northern Illinois University. With five years of experience, he has held various roles focused on process improvements through data analysis and leveraging DevOps technologies within the BFSI sector in the NAM region. He has a strong interest in the intersection where business meets technology. \n\nBeyond his academic pursuits, he is a devoted Sci-Fi enthusiast, enjoying both books and movies in the genre, besides George R.R. Martin's world of fantasy. He also loves to play badminton.\n\n## Office Hours\n\n| Instructor        | Booking URL                                                                                             |\n|---------------------------------------|---------------------------------|\n| Dr. Biagio Palese | [Book Here](https://outlook.office365.com/book/OfficeHoursSpring20241@mail.niu.edu/?ae=true&login_hint) |\n| Venkata Nekkanti  | [Book Here](https://outlook.office365.com/book/OfficeHoursSpring20241@mail.niu.edu/?ae=true&login_hint) |\n\n::: callout-note\n## Note\n\nWhen booking office hours, double-check the name of the staff member you want to book the office hours with using the **\"Select Staff\"** dropdown.\n:::\n",
    "supporting": [],
    "filters": [
      "rmarkdown/pagebreak.lua"
    ],
    "includes": {},
    "engineDependencies": {},
    "preserve": {},
    "postProcess": true
  }
}