{
  "hash": "5b14d94ab571b513b8d116010114516e",
  "result": {
    "engine": "knitr",
    "markdown": "---\ntitle: \"One Stop for Materials\"\nformat: html\neditor: visual\n---\n\n<script>\nif (localStorage.getItem(\"isLoggedIn\") !== \"true\") {\n    window.location.href = \"login.html\";\n}\n</script>\n\n\n\n## In-class Materials\n\n### Week 1\n\n<div>\n\nCourse Introduction & Getting Started: <a href=\"https://webcourses.niu.edu/ultra/courses/_348339_1/outline/assessment/test/_10044533_1?courseId=_348339_1&gradeitemView=details\" target=\"_blank\" class=\"btn btn-primary\" style=\"margin-left: 10px;\">Access here</a>\n\n</div>\n\n### Week 2\n\n<div>\n\nBasic Manipulations: <a href=\"https://webcourses.niu.edu/ultra/courses/_348339_1/outline/assessment/test/_10044545_1?courseId=_348339_1&gradeitemView=details\" target=\"_blank\" class=\"btn btn-primary\" style=\"margin-left: 10px;\">Access here</a>\n\n</div>\n\n### Week 3\n\n<div>\n\nIntermediate Manipulations: <a href=\"https://webcourses.niu.edu/ultra/courses/_348339_1/outline/assessment/test/_10044552_1?courseId=_348339_1&gradeitemView=details\" class=\"btn btn-primary\" style=\"margin-left: 10px;\">Access here</a>\n\n</div>\n\n### Week 4\n\n<div>\n\nManipulations Review: <a href=\"https://posit.cloud/spaces/81045/content/7463365\" target=\"_blank\" class=\"btn btn-primary\" style=\"margin-left: 10px;\">Access here</a>\n\n</div>\n\n### Week 5\n\n<div>\n\nBasic Visualizations: <a href=\"https://google.com\" target=\"_blank\" class=\"btn btn-primary\" style=\"margin-left: 10px;\">Access here</a>\n\n</div>\n\n### Week 6\n\n<div>\n\nIntermediate Visualizations: <a href=\"https://google.com\" target=\"_blank\" class=\"btn btn-primary\" style=\"margin-left: 10px;\">Access here</a>\n\n</div>\n\n## Weekly Activities\n\n### Activity 1\n\n<div>\n\nCourse Introduction & Getting Started: <a href=\"https://webcourses.niu.edu/ultra/courses/_348339_1/outline/assessment/test/_10044533_1?courseId=_348339_1&gradeitemView=details\" target=\"_blank\" class=\"btn btn-primary\" style=\"margin-left: 10px;\">Access here</a>\n\n</div>\n\n### Activity 2\n\n<div>\n\nBasic Manipulations: <a href=\"https://webcourses.niu.edu/ultra/courses/_348339_1/outline/assessment/test/_10044545_1?courseId=_348339_1&gradeitemView=details\" target=\"_blank\" class=\"btn btn-primary\" style=\"margin-left: 10px;\">Access here</a>\n\n</div>\n\n### Activity 3\n\n<div>\n\nIntermediate Manipulations: <a href=\"https://webcourses.niu.edu/ultra/courses/_348339_1/outline/assessment/test/_10044552_1?courseId=_348339_1&gradeitemView=details\" class=\"btn btn-primary\" style=\"margin-left: 10px;\">Access here</a>\n\n</div>\n\n### Activity 4\n\n<div>\n\nManipulations Review: <a href=\"https://posit.cloud/spaces/81045/content/7463365\" target=\"_blank\" class=\"btn btn-primary\" style=\"margin-left: 10px;\">Access here</a>\n\n</div>\n\n### Activity 5\n\n<div>\n\nBasic Visualizations: <a href=\"https://google.com\" target=\"_blank\" class=\"btn btn-primary\" style=\"margin-left: 10px;\">Access here</a>\n\n</div>\n\n### Activity 6\n\n<div>\n\nIntermediate Visualizations: <a href=\"https://google.com\" target=\"_blank\" class=\"btn btn-primary\" style=\"margin-left: 10px;\">Access here</a>\n\n</div>\n",
    "supporting": [],
    "filters": [
      "rmarkdown/pagebreak.lua"
    ],
    "includes": {},
    "engineDependencies": {},
    "preserve": {},
    "postProcess": true
  }
}