[
  {
    "username": "user1",
    "password": "test1"
  },
  {
    "username": "user2",
    "password": "test2"
  },
  {
    "username": "user3",
    "password": "test3"
  },
  {
    "username": "user4",
    "password": "test4"
  },
  {
    "username": "user5",
    "password": "test5"
  },
  {
    "username": "user6",
    "password": "test6"
  },
  {
    "username": "user7",
    "password": "test7"
  },
  {
    "username": "user8",
    "password": "test8"
  },
  {
    "username": "user9",
    "password": "test9"
  },
  {
    "username": "user10",
    "password": "test10"
  }
]