{
  "hash": "e8c008c85298294cb29992a89884bf4d",
  "result": {
    "engine": "knitr",
    "markdown": "---\ntitle: \"R Practice\"\nfilters:\n  - webr\n---\n\n<script>\nif (localStorage.getItem(\"isLoggedIn\") !== \"true\") {\n    window.location.href = \"login.html\";\n}\n</script>\n\n\n\n\n\n\nThis interface helps you to improve your R skills. Here you can access to a data set called `starwars`\n\n::: callout-tip\n# Tip\n\nYou don't really need a laptop to practice here!😉\n:::\n\n# Load the necessary packages.\n\n```{webr-r}\nlibrary(tidyverse)\n\n# Add here whatever packages you may wanted to add here for your practice.\n\n```\n\n::: callout-important\n# Caution\n\nThe code on this page runs server-less. No code will be saved. Make sure to save your work some where else or you can even download your work by clicking on `View R History` on the top right corner.\n:::\n\n# Manipulations\n\nFor example: Print the `starwars` dataset.\n\n```{webr-r}\nstarwars\n```\n\nGreat! Analyze the `starwars`dataset and start playing around.\n\n```{webr-r}\n\n```\n\n```{webr-r}\n\n```\n\n```{webr-r}\n\n```\n\n## Use Pipes\n\n::: callout-note\n# Note:\n\nYou may not be able to use a pipe on this website. So you can copy it from here `|>`\n:::\n\n```{webr-r}\n\n```\n\n# Visualisations\n\nHere's a basic visualization that I did using `starwars` dataset.\n\n```{webr-r}\nggplot(data = starwars, aes(x = gender)) +\n  geom_bar(fill = \"darkgrey\")\n```\n\n```{webr-r}\n\n```\n\n```{webr-r}\n\n```\n\n```{webr-r}\n\n```\n",
    "supporting": [
      "practice_R_files"
    ],
    "filters": [
      "rmarkdown/pagebreak.lua"
    ],
    "includes": {},
    "engineDependencies": {},
    "preserve": {},
    "postProcess": true
  }
}