{
  "hash": "96a81b3d4711424e04c4b49751a653c8",
  "result": {
    "engine": "knitr",
    "markdown": "---\ntitle: \"Useful links\"\n---\n\n<script>\nif (localStorage.getItem(\"isLoggedIn\") !== \"true\") {\n    window.location.href = \"login.html\";\n}\n</script>\n\n\n\n\n\n\n## Install R and RStudio\n\nDownload and install R 4.2.1: <https://cran.r-project.org/>\n\nDownload and install the preview build of RStudio: <https://posit.co/download/rstudio-desktop/>\n\n## About R Packages\n\n| Package            | Source                                                              |\n|--------------------|---------------------------------------------------------------------|\n| Data Manipulation  | [dplyr.tidyverse.org](https://dplyr.tidyverse.org/)                 |\n| Data Visualization | [ggplot2.tidyverse.org](https://ggplot2.tidyverse.org/)             |\n| Data Modeling      | [www.tidymodels.org/packages](https://www.tidymodels.org/packages/) |\n\n## Cheat Sheets\n\n-   RStudio IDE Cheatsheet: <https://rstudio.github.io/cheatsheets/rstudio-ide.pdf>\n\n-   Data transformation with dplyr Cheatsheet: <https://rstudio.github.io/cheatsheets/data-transformation.pdf>\n\n-   Data Visualization with ggplot2: <https://rstudio.github.io/cheatsheets/data-visualization.pdf>\n\n## Office Hours\n\n| Instructor        | Booking URL                                                                                             |\n|-------------------|---------------------------------------------------------------------------------------------------------|\n| Dr. Biagio Palese | [Book Here](https://outlook.office365.com/book/OfficeHoursSpring20241@mail.niu.edu/?ae=true&login_hint) |\n| Venkata Nekkanti  | [Book Here](https://outlook.office365.com/book/OfficeHoursSpring20241@mail.niu.edu/?ae=true&login_hint) |\n\n::: callout-note\n## Note\n\nWhen booking office hours, double-check the name of the staff member you want to book the office hours with using the **\"Select Staff\"** dropdown.\n:::\n",
    "supporting": [
      "useful-links_files"
    ],
    "filters": [
      "rmarkdown/pagebreak.lua"
    ],
    "includes": {},
    "engineDependencies": {},
    "preserve": {},
    "postProcess": true
  }
}