{
  "hash": "70d73f9f011ad7ead1c2095946c6ed16",
  "result": {
    "engine": "knitr",
    "markdown": "---\ntitle: R Practise\nengine: knitr\nformat: live-html\n---\n\n<script>\nif (localStorage.getItem(\"isLoggedIn\") !== \"true\") {\n    window.location.href = \"login.html\";\n}\n</script>\n\n::: {.cell}\n\n:::\n\n\n\n\nThis interface helps you to improve your R skills. Here you can access to a data set called `starwars`\n\n::: callout-tip\n# Tip\n\nYou don't really need a laptop to practice here!😉\n:::\n\n# Load the package\n\n\n\n::: {.cell}\n```{webr}\ninstall.packages(\"tidyverse\", quiet=FALSE)\nlibrary(tidyverse)\n\n# Add here whatever packages you may wanted to add here for your practice.\n\n```\n:::\n\n\n\n::: callout-important\n# Caution\n\nThe code on this page runs server-less. No code will be saved. Make sure to save your work some where else.\n:::\n\n# Manipulations\n\nFor example: Print the `starwars` data set.\n\n\n\n::: {.cell persist='true' autorun='false'}\n```{webr}\n#| persist: true\n#| autorun: false\nstarwars\n```\n:::\n\n\n\n::: callout-note\n# Note\n\nIf you are facing `object not found` issue while running the above `starwars` chunk. Try reloading the the URL or try re-running the package chunk.\n:::\n\nGreat! Analyze the `starwars`data set and start playing around.\n\n\n\n::: {.cell persist='true' autorun='false'}\n```{webr}\n#| persist: true\n#| autorun: false\n\n```\n:::\n\n::: {.cell persist='true' autorun='false'}\n```{webr}\n#| persist: true\n#| autorun: false\n\n```\n:::\n\n::: {.cell persist='true' autorun='false'}\n```{webr}\n#| persist: true\n#| autorun: false\n\n```\n:::\n\n::: {.cell persist='true' autorun='false'}\n```{webr}\n#| persist: true\n#| autorun: false\n\n```\n:::\n\n\n\n## Use Pipes\n\n::: callout-note\n# Note:\n\nIn order to use pipes, use `Ctrl + Shift + M` on windows (or) `Cmd + Shift + M` on Mac. If you are practicing from mobile, copy from here: `|>`\n:::\n\n\n\n::: {.cell persist='true' autorun='false'}\n```{webr}\n#| persist: true\n#| autorun: false\n```\n:::\n\n::: {.cell persist='true' autorun='false'}\n```{webr}\n#| persist: true\n#| autorun: false\n\n```\n:::\n\n::: {.cell persist='true' autorun='false'}\n```{webr}\n#| persist: true\n#| autorun: false\n\n```\n:::\n\n\n\n# Visualisations\n\nHere's a basic visualization that I did using `starwars` dataset.\n\n\n\n::: {.cell autorun='false'}\n```{webr}\n#| autorun: false\nggplot(data = starwars, aes(x = gender)) +\n  geom_bar(fill = \"darkgrey\")\n```\n:::\n\n::: {.cell}\n```{webr}\n\n```\n:::\n\n::: {.cell}\n```{webr}\n\n```\n:::\n\n::: {.cell}\n```{webr}\n\n```\n:::\n",
    "supporting": [],
    "filters": [
      "rmarkdown/pagebreak.lua"
    ],
    "includes": {},
    "engineDependencies": {},
    "preserve": {},
    "postProcess": true
  }
}